timestamp,datetime,comment-id,author-id,agrees,disagrees,moderated,comment-body
1645053744171,Wed Feb 16 23:22:24 UTC 2022,0,0,1375,1312,1,Voy a votar por SI anular 135 artículos de la LUC en el referéndum
1645053751836,Wed Feb 16 23:22:31 UTC 2022,1,0,3105,242,1,Considero que tengo información suficiente para decidir en el referéndum
1645053758380,Wed Feb 16 23:22:38 UTC 2022,2,0,1352,1332,1,Voy a votar por NO anular 135 artículos de la LUC en el referéndum
1645053764819,Wed Feb 16 23:22:44 UTC 2022,3,0,482,1141,1,El Instituto de Colonización debería vender sus tierras para obtener recursos para el Estado
1645053771007,Wed Feb 16 23:22:51 UTC 2022,4,0,1572,308,1,"Es importante exigir que las personas que tienen terrenos de Colonización vivan en el predio. De lo contrario, se facilita la corrupción"
1645053776931,Wed Feb 16 23:22:56 UTC 2022,5,0,1081,737,1,Los precios del combustible deben reflejar claramente el precio del petróleo y tender a eliminar los costos de ANCAP
1645053782979,Wed Feb 16 23:23:02 UTC 2022,6,0,1263,686,1,Los precios del combustible no deberían estar fijados sólo por el costo del petróleo: también es importante que ANCAP se mantenga fuerte como empresa
1645053790494,Wed Feb 16 23:23:10 UTC 2022,7,0,1174,1023,1,Eliminar la obligación de que los sueldos se paguen por medio de bancos facilita las prácticas ilegales y quita transparencia
1645053796391,Wed Feb 16 23:23:16 UTC 2022,8,0,1138,942,1,Que se permita pagar en efectivo operaciones o negocios hasta 100.000 dólares habilita prácticas ilegales y quita transparencia al sistema
1645053802697,Wed Feb 16 23:23:22 UTC 2022,9,0,761,1118,1,El Estado debería poder elegir si pagar a sus proveedores en efectivo o a través de bancos
1645053814965,Wed Feb 16 23:23:34 UTC 2022,10,0,1640,274,1,El Estado debería pagar a sus proveedores a través de bancos para garantizar la transparencia en el uso de los fondos públicos
1645053821706,Wed Feb 16 23:23:41 UTC 2022,11,0,1366,571,1,En la educación formal lo que más importa son las herramientas prácticas para la vida y la inserción laboral
1645053828079,Wed Feb 16 23:23:48 UTC 2022,12,0,1668,266,1,La educación media superior debe ser obligatoria para que no se deteriore aún más el sistema educativo
1645053837167,Wed Feb 16 23:23:57 UTC 2022,13,0,1001,802,1,"La libertad de cátedra de los docentes debería limitarse para que se garantice ecuanimidad en el abordaje de los temas y un balance de los puntos de vista, respetando los planes de estudio"
1645053843803,Wed Feb 16 23:24:03 UTC 2022,14,0,1449,358,1,La libertad de cátedra de los docentes no debe tener más condiciones que ser crítica y fundamentada y respetar los planes de estudio
1645053851420,Wed Feb 16 23:24:11 UTC 2022,15,0,1303,520,1,La educación técnico profesional debería habilitarse para menores de 15 años. Orientar a los estudiantes hacia los oficios lo más temprano posible es un beneficio para la sociedad
1645053857647,Wed Feb 16 23:24:17 UTC 2022,16,0,1885,72,1,Los responsables de los menores deberían estar obligados a inscribirlos al sistema educativo aunque esto implique destinar algo de tiempo a hacer trámites
1645053864425,Wed Feb 16 23:24:24 UTC 2022,17,0,181,1566,1,Los responsables de los menores no deberían estar obligados a inscribirlos al sistema educativo para disminuir la cantidad de trámites que deben realizar
1645053871634,Wed Feb 16 23:24:31 UTC 2022,18,0,1603,391,1,"Aumentar la pena por encubrimiento de delitos de drogas, rapiña, copamiento o secuestro está bien. Debe castigarse con mayor dureza"
1645053879824,Wed Feb 16 23:24:39 UTC 2022,19,0,774,1073,1,Aumentar la condena para el encubrimiento de delitos no tiene mayores efectos en la seguridad y contribuye a la congestión de las cárceles
1645053886345,Wed Feb 16 23:24:46 UTC 2022,20,0,1150,955,1,"Es necesario considerar delitos específicos el insulto o las amenazas a la policía, para respaldar la autoridad policial"
1645053892356,Wed Feb 16 23:24:52 UTC 2022,21,0,1051,1029,1,"Considerar legítima defensa cuando un policía o militar repele una agresión física contra otras personas, desdibuja su función y puede dar lugar a arbitrariedades"
1645053898599,Wed Feb 16 23:24:58 UTC 2022,22,0,1203,746,1,"Permitir que las personas privadas de libertad reduzcan las condenas de prisión a través de estudio o trabajo incentiva la rehabilitación, contribuye a descongestionar las cárceles y permite el ejercicio de derechos"
1645053907601,Wed Feb 16 23:25:07 UTC 2022,23,0,1103,1069,1,Que la Policía pueda registrar a una persona sin autorización previa de un fiscal limita garantías de personas civiles y facilita abusos contra ellas
1645053914695,Wed Feb 16 23:25:14 UTC 2022,24,0,1211,886,1,"Quien abate a un individuo extraño sorprendido en su propiedad o establecimiento, como el jardín o el garaje, está ejerciendo legítima defensa y no debería ser castigado"
1645053921324,Wed Feb 16 23:25:21 UTC 2022,25,0,1391,761,1,"Si el sindicato de una empresa resuelve una huelga u ocupación, quienes no están de acuerdo deberían poder ingresar a trabajar de cualquier forma"
1645053948174,Wed Feb 16 23:25:48 UTC 2022,29,0,731,1177,1,Que se habilite mantener el número de teléfono celular aunque se cambie de empresa es una mala idea porque debilitará a Antel frente a las demás empresas
1645053988787,Wed Feb 16 23:26:28 UTC 2022,35,0,2,5,-1,Es correcto que se limite la autonomía de la Udelar y UTEC quitándoles la potestad de revalidar títulos universitarios
1645053927995,Wed Feb 16 23:25:27 UTC 2022,26,0,698,1229,1,"El atraso en el pago del alquiler debería permitir desalojar al inquilino inmediatamente, para que el propietario no sea perjudicado"
1645053935327,Wed Feb 16 23:25:35 UTC 2022,27,0,1319,779,1,No debería permitirse que las personas privadas de libertad reduzcan las condenas a través de estudio o trabajo; si cometieron un delito grave deben cumplir la totalidad de la condena
1645053941820,Wed Feb 16 23:25:41 UTC 2022,28,0,825,1169,1,Debería permitirse que las personas privadas de libertad reduzcan las condenas a través de estudio o trabajo; si cometieron un delito grave pueden reducir condena mostrando buena conducta y aptitudes
1645053954433,Wed Feb 16 23:25:54 UTC 2022,30,0,1309,750,1,Poder mantener el número de teléfono celular aunque se cambie de empresa es una buena idea más allá del costo para Antel
1645053961800,Wed Feb 16 23:26:01 UTC 2022,31,0,1453,529,1,Poder mantener el número de teléfono celular aunque se cambie de empresa es un derecho
1645053968107,Wed Feb 16 23:26:08 UTC 2022,32,0,1099,610,1,"La educación técnico-profesional debe ofrecerse sólo para mayores de 15 años. Es necesario que la educación sea básica, amplia y compartida hasta los 14 años"
1645053974678,Wed Feb 16 23:26:14 UTC 2022,33,0,1118,880,1,"Sancionar a las personas en situación de calle si no se retiran de donde están inmediatamente, es violento e innecesario"
1645053980949,Wed Feb 16 23:26:20 UTC 2022,34,0,1025,1017,1,Es correcto que el Gobierno de turno tenga más potestades en la definición de políticas educativas y la formación de educadores
1645053995247,Wed Feb 16 23:26:35 UTC 2022,36,0,895,1098,1,La participación de los docentes en la definición de la política educativa dificulta llevar adelante los cambios que la educación necesita
1645054001513,Wed Feb 16 23:26:41 UTC 2022,37,0,1231,573,1,Habilitar la educación en el ámbito de los hogares afecta el carácter integrador que tiene encontrarse con otros y otras en un centro educativo
1645054008152,Wed Feb 16 23:26:48 UTC 2022,38,0,1319,709,1,Flexibilizar controles financieros a las grandes sumas de dinero facilita operaciones de narcotráfico y lavado
1645054015219,Wed Feb 16 23:26:55 UTC 2022,39,0,1076,1063,1,Creo que los cambios que introdujo la LUC mejoraron la seguridad
1645054023549,Wed Feb 16 23:27:03 UTC 2022,40,0,1075,1081,1,"Poder detener a personas por ""hechos de apariencia delictiva"" por ley fomenta una cultura de discriminación y violencia"
1645054032799,Wed Feb 16 23:27:12 UTC 2022,41,0,991,1052,1,"Que al término del contrato de alquiler se reduzca a 30 días el plazo para decidir si renovar el contrato castiga a los ""buenos pagadores"" y vulnera el derecho a la vivienda"
1645054040668,Wed Feb 16 23:27:20 UTC 2022,42,0,1513,452,1,Durante los procesos de adopción hay que priorizar las garantías de niños y niñas antes que la velocidad del proceso
1645054047480,Wed Feb 16 23:27:27 UTC 2022,43,0,1216,855,1,Muchos de los artículos de la LUC no deberían haber sido tratados en forma urgente sino con los tiempos de las leyes comunes
1645054054017,Wed Feb 16 23:27:34 UTC 2022,44,0,1825,187,1,"El uso de  herramientas, como el referéndum, para corregir medidas del gobierno de turno es democrático"
1645054060120,Wed Feb 16 23:27:40 UTC 2022,45,0,662,2001,1,"Creo que el referéndum, aunque sea obligatorio, no me afecta directamente"
1645054069871,Wed Feb 16 23:27:49 UTC 2022,46,0,886,1177,1,"Promover el referéndum contra 135 arts. de la LUC es ""no dejar gobernar"""
1645054076854,Wed Feb 16 23:27:56 UTC 2022,47,0,430,2208,1,"Considero que los políticos, o las campañas, pueden hacerme cambiar de opinión"
1645782077865,Fri Feb 25 09:41:17 UTC 2022,48,1690,1,0,0,La luc no se toca
1645785019981,Fri Feb 25 10:30:19 UTC 2022,49,540,1,0,0,"El gobierno sale a defender 135 Art.  frenéticamente, pero dice ""LA LUC SE DEFIENDE SOLA"".-  Se ahogarán en su propio mar de mentiras.-"
1645798752388,Fri Feb 25 14:19:12 UTC 2022,50,1759,1,0,0,"la LUC no se toca,la luc les molesta a los delincuentes y a los que frenan al avance del pais.."
1645830408446,Fri Feb 25 23:06:48 UTC 2022,51,3109,1,0,0,"YO CONSIDERO QUE LOS ARTICULOS DE LA LUC NO SE TOCAN. ESTÄN BIEN  ESTUDIADOS, VALORADOS PENSADOS PARA TODA NUESTRA POBLACIÓN"
1645861155285,Sat Feb 26 07:39:15 UTC 2022,52,3286,1,0,0,TODO el sistema político está perdiendo credibilidad.  Ni hablar PIT CNT.  Voto NO obligatorio para privados.  Públicos roedores estado. Si
1645875760011,Sat Feb 26 11:42:40 UTC 2022,53,3321,1,0,0,"Totalmente tendenciosa, busca enredarte con las preguntas para que contestes a favor del SI"
1647083218911,Sat Mar 12 11:06:58 UTC 2022,54,3160,1,0,0,"No estoy de acuerdo con esta mega ley, no la conociamos antes de las elecciones.,benefisia a las familias mas ricas en detrimento del obrero"
1647083399716,Sat Mar 12 11:09:59 UTC 2022,55,3160,1,0,0,"Esta extensisima ley beneficia a unos pocos en detrimento de los mas humildes, aumentando la brecha social"
