timestamp,datetime,comment-id,author-id,agrees,disagrees,moderated,comment-body
1645053163117,Wed Feb 16 23:12:43 UTC 2022,1,0,643,142,1,Considero que tengo información suficiente para decidir en el referéndum
1645053191977,Wed Feb 16 23:13:11 UTC 2022,2,0,381,302,1,Voy a votar por NO anular 135 artículos de la LUC en el referéndum
1645053199151,Wed Feb 16 23:13:19 UTC 2022,3,0,93,215,1,El Instituto de Colonización debería vender sus tierras para obtener recursos para el Estado
1645053207824,Wed Feb 16 23:13:27 UTC 2022,4,0,227,137,1,"Es importante exigir que las personas que tienen terrenos de Colonización vivan en el predio. De lo contrario, se facilita la corrupción"
1645053214384,Wed Feb 16 23:13:34 UTC 2022,5,0,262,156,1,Los precios del combustible deben reflejar claramente el precio del petróleo y tender a eliminar los costos de ANCAP
1645053220807,Wed Feb 16 23:13:40 UTC 2022,6,0,257,202,1,Los precios del combustible no deberían estar fijados sólo por el costo del petróleo: también es importante que ANCAP se mantenga fuerte como empresa
1645053228509,Wed Feb 16 23:13:48 UTC 2022,7,0,269,227,1,Eliminar la obligación de que los sueldos se paguen por medio de bancos facilita las prácticas ilegales y quita transparencia
1645053236898,Wed Feb 16 23:13:56 UTC 2022,8,0,239,223,1,Que se permita pagar en efectivo operaciones o negocios hasta 100.000 dólares habilita prácticas ilegales y quita transparencia al sistema
1645053244655,Wed Feb 16 23:14:04 UTC 2022,9,0,144,262,1,El Estado debería poder elegir si pagar a sus proveedores en efectivo o a través de bancos
1645053252316,Wed Feb 16 23:14:12 UTC 2022,10,0,385,68,1,El Estado debería pagar a sus proveedores a través de bancos para garantizar la transparencia en el uso de los fondos públicos
1645053260039,Wed Feb 16 23:14:20 UTC 2022,11,0,336,104,1,En la educación formal lo que más importa son las herramientas prácticas para la vida y la inserción laboral
1645053266824,Wed Feb 16 23:14:26 UTC 2022,12,0,359,74,1,La educación media superior debe ser obligatoria para que no se deteriore aún más el sistema educativo
1645053275151,Wed Feb 16 23:14:35 UTC 2022,13,0,204,175,1,"La libertad de cátedra de los docentes debería limitarse para que se garantice ecuanimidad en el abordaje de los temas y un balance de los puntos de vista, respetando los planes de estudio"
1645053283690,Wed Feb 16 23:14:43 UTC 2022,14,0,332,72,1,La libertad de cátedra de los docentes no debe tener más condiciones que ser crítica y fundamentada y respetar los planes de estudio
1645053291105,Wed Feb 16 23:14:51 UTC 2022,15,0,253,141,1,La educación técnico profesional debería habilitarse para menores de 15 años. Orientar a los estudiantes hacia los oficios lo más temprano posible es un beneficio para la sociedad
1645053298585,Wed Feb 16 23:14:58 UTC 2022,16,0,446,19,1,Los responsables de los menores deberían estar obligados a inscribirlos al sistema educativo aunque esto implique destinar algo de tiempo a hacer trámites
1645053305331,Wed Feb 16 23:15:05 UTC 2022,17,0,37,364,1,Los responsables de los menores no deberían estar obligados a inscribirlos al sistema educativo para disminuir la cantidad de trámites que deben realizar
1645053314411,Wed Feb 16 23:15:14 UTC 2022,18,0,404,56,1,"Aumentar la pena por encubrimiento de delitos de drogas, rapiña, copamiento o secuestro está bien. Debe castigarse con mayor dureza"
1645053321051,Wed Feb 16 23:15:21 UTC 2022,19,0,126,255,1,Aumentar la condena para el encubrimiento de delitos no tiene mayores efectos en la seguridad y contribuye a la congestión de las cárceles
1645053346956,Wed Feb 16 23:15:46 UTC 2022,20,0,304,159,1,"Es necesario considerar delitos específicos el insulto o las amenazas a la policía, para respaldar la autoridad policial"
1645053355197,Wed Feb 16 23:15:55 UTC 2022,21,0,196,205,1,"Considerar legítima defensa cuando un policía o militar repele una agresión física contra otras personas, desdibuja su función y puede dar lugar a arbitrariedades"
1645053379477,Wed Feb 16 23:16:19 UTC 2022,22,0,258,216,1,"Permitir que las personas privadas de libertad reduzcan las condenas de prisión a través de estudio o trabajo incentiva la rehabilitación, contribuye a descongestionar las cárceles y permite el ejercicio de derechos"
1645053386767,Wed Feb 16 23:16:26 UTC 2022,23,0,257,255,1,Que la Policía pueda registrar a una persona sin autorización previa de un fiscal limita garantías de personas civiles y facilita abusos contra ellas
1645053393227,Wed Feb 16 23:16:33 UTC 2022,24,0,345,132,1,"Quien abate a un individuo extraño sorprendido en su propiedad o establecimiento, como el jardín o el garaje, está ejerciendo legítima defensa y no debería ser castigado"
1645053400071,Wed Feb 16 23:16:40 UTC 2022,25,0,387,101,1,"Si el sindicato de una empresa resuelve una huelga u ocupación, quienes no están de acuerdo deberían poder ingresar a trabajar de cualquier forma"
1645053406475,Wed Feb 16 23:16:46 UTC 2022,26,0,216,251,1,"El atraso en el pago del alquiler debería permitir desalojar al inquilino inmediatamente, para que el propietario no sea perjudicado"
1645053414405,Wed Feb 16 23:16:54 UTC 2022,27,0,367,136,1,No debería permitirse que las personas privadas de libertad reduzcan las condenas a través de estudio o trabajo; si cometieron un delito grave deben cumplir la totalidad de la condena
1645053421296,Wed Feb 16 23:17:01 UTC 2022,28,0,128,339,1,Debería permitirse que las personas privadas de libertad reduzcan las condenas a través de estudio o trabajo; si cometieron un delito grave pueden reducir condena mostrando buena conducta y aptitudes
1645053429428,Wed Feb 16 23:17:09 UTC 2022,29,0,124,293,1,Que se habilite mantener el número de teléfono celular aunque se cambie de empresa es una mala idea porque debilitará a Antel frente a las demás empresas
1645053436491,Wed Feb 16 23:17:16 UTC 2022,30,0,345,144,1,Poder mantener el número de teléfono celular aunque se cambie de empresa es una buena idea más allá del costo para Antel
1645053443168,Wed Feb 16 23:17:23 UTC 2022,31,0,354,109,1,Poder mantener el número de teléfono celular aunque se cambie de empresa es un derecho
1645053449951,Wed Feb 16 23:17:29 UTC 2022,32,0,245,144,1,"La educación técnico-profesional debe ofrecerse sólo para mayores de 15 años. Es necesario que la educación sea básica, amplia y compartida hasta los 14 años"
1645053457681,Wed Feb 16 23:17:37 UTC 2022,33,0,283,173,1,"Sancionar a las personas en situación de calle si no se retiran de donde están inmediatamente, es violento e innecesario"
1645053464090,Wed Feb 16 23:17:44 UTC 2022,34,0,220,215,1,Es correcto que el Gobierno de turno tenga más potestades en la definición de políticas educativas y la formación de educadores
1645053477463,Wed Feb 16 23:17:57 UTC 2022,36,0,161,241,1,La participación de los docentes en la definición de la política educativa dificulta llevar adelante los cambios que la educación necesita
1645053484890,Wed Feb 16 23:18:04 UTC 2022,37,0,254,147,1,Habilitar la educación en el ámbito de los hogares afecta el carácter integrador que tiene encontrarse con otros y otras en un centro educativo
1645053492168,Wed Feb 16 23:18:12 UTC 2022,38,0,297,150,1,Flexibilizar controles financieros a las grandes sumas de dinero facilita operaciones de narcotráfico y lavado
1645053500166,Wed Feb 16 23:18:20 UTC 2022,39,0,285,193,1,Creo que los cambios que introdujo la LUC mejoraron la seguridad
1645053508824,Wed Feb 16 23:18:28 UTC 2022,40,0,255,244,1,"Poder detener a personas por ""hechos de apariencia delictiva"" por ley fomenta una cultura de discriminación y violencia"
1645053515861,Wed Feb 16 23:18:35 UTC 2022,41,0,183,221,1,"Que al término del contrato de alquiler se reduzca a 30 días el plazo para decidir si renovar el contrato castiga a los ""buenos pagadores"" y vulnera el derecho a la vivienda"
1645053523640,Wed Feb 16 23:18:43 UTC 2022,42,0,329,107,1,Durante los procesos de adopción hay que priorizar las garantías de niños y niñas antes que la velocidad del proceso
1645053530096,Wed Feb 16 23:18:50 UTC 2022,43,0,260,200,1,Muchos de los artículos de la LUC no deberían haber sido tratados en forma urgente sino con los tiempos de las leyes comunes
1645053536630,Wed Feb 16 23:18:56 UTC 2022,44,0,388,48,1,"El uso de  herramientas, como el referéndum, para corregir medidas del gobierno de turno es democrático"
1645053544472,Wed Feb 16 23:19:04 UTC 2022,45,0,149,530,1,"Creo que el referéndum, aunque sea obligatorio, no me afecta directamente"
1645053553985,Wed Feb 16 23:19:13 UTC 2022,46,0,167,252,1,"Promover el referéndum contra 135 arts. de la LUC es ""no dejar gobernar"""
1645053560795,Wed Feb 16 23:19:20 UTC 2022,47,0,126,557,1,"Considero que los políticos, o las campañas, pueden hacerme cambiar de opinión"
1645053154344,Wed Feb 16 23:12:34 UTC 2022,0,0,299,381,1,Voy a votar por SI anular 135 artículos de la LUC en el referéndum
1645053470961,Wed Feb 16 23:17:50 UTC 2022,35,0,0,0,-1,Es correcto que se limite la autonomía de la Udelar y UTEC quitándoles la potestad de revalidar títulos universitarios
