timestamp,datetime,comment-id,author-id,agrees,disagrees,moderated,comment-body
1638034547663,Sat Nov 27 17:35:47 UTC 2021,8,0,989,2456,1,El Instituto de Colonización debería vender sus tierras para obtener recursos para el Estado
1638034551945,Sat Nov 27 17:35:51 UTC 2021,9,0,3209,922,1,"Es importante exigir que las personas que tienen terrenos de Colonización vivan en el predio. De lo contrario, se facilita la corrupción"
1638034556730,Sat Nov 27 17:35:56 UTC 2021,10,0,911,464,-1,La venta de tierras del Instituto de Colonización no es una buena idea porque afectará fuertemente la agricultura familiar
1638034560787,Sat Nov 27 17:36:00 UTC 2021,11,0,2569,1899,1,Los precios del combustible deben reflejar claramente el precio del petróleo y tender a eliminar los costos de ANCAP
1638034537589,Sat Nov 27 17:35:37 UTC 2021,6,0,1300,481,-1,"Un Juez de Familia no debería poder seleccionar una familia adoptante sin que pase por el proceso de selección de INAU, porque esto, entre otras cosas, eliminaría garantías para los niños"
1638034512396,Sat Nov 27 17:35:12 UTC 2021,2,0,1482,1015,-1,Firmé para habilitar el referéndum de los 135 artículos de la LUC
1638034517087,Sat Nov 27 17:35:17 UTC 2021,3,0,1993,465,-1,Mi entorno inmediato tiene bastante definido qué votará en el referéndum sobre los 135 artículos de la LUC
1638034521655,Sat Nov 27 17:35:21 UTC 2021,4,0,2327,3155,1,Voy a votar por NO anular 135 artículos de la LUC en el referéndum
1638034543513,Sat Nov 27 17:35:43 UTC 2021,7,0,72,298,-1,Exigir que las personas que tienen terrenos de Colonización vivan en ese predio no es algo importante
1638034565042,Sat Nov 27 17:36:05 UTC 2021,12,0,2904,1904,1,Los precios del combustible no deberían estar fijados sólo por el costo del petróleo: también es importante que ANCAP se mantenga fuerte como empresa
1638034507298,Sat Nov 27 17:35:07 UTC 2021,0,0,3028,2488,1,Voy a votar por SI anular 135 artículos de la LUC en el referéndum
1638034569595,Sat Nov 27 17:36:09 UTC 2021,13,0,3625,1800,1,Eliminar la obligación de que los sueldos se paguen por medio de bancos facilita las prácticas ilegales y quita transparencia
1638034578133,Sat Nov 27 17:36:18 UTC 2021,15,0,3517,1648,1,Que se permita pagar en efectivo operaciones o negocios hasta 100.000 dólares habilita prácticas ilegales y quita transparencia al sistema
1638034582747,Sat Nov 27 17:36:22 UTC 2021,16,0,433,1150,-1,Que se permita pagar operaciones o negocios de hasta 100.000 dólares en efectivo tendrá beneficios para la economía
1638034586641,Sat Nov 27 17:36:26 UTC 2021,17,0,1441,3210,1,El Estado debería poder elegir si pagar a sus proveedores en efectivo o a través de bancos para agilizar la gestión
1638034590233,Sat Nov 27 17:36:30 UTC 2021,18,0,4430,500,1,El Estado debería pagar a sus proveedores a través de bancos para garantizar la transparencia en el uso de los fondos públicos
1638034595094,Sat Nov 27 17:36:35 UTC 2021,19,0,812,778,-1,El Ministerio de Economía debe asegurar con una regla fiscal que el gasto público sea bajo
1638034602301,Sat Nov 27 17:36:42 UTC 2021,20,0,1122,517,-1,"La inversión pública es un componente central de la economía, y no debería limitarse con una regla fiscal"
1638034606519,Sat Nov 27 17:36:46 UTC 2021,21,0,853,144,-1,Eliminar la obligatoriedad de la educación inicial es un retroceso para el sistema educativo
1638034620400,Sat Nov 27 17:37:00 UTC 2021,22,0,79,779,-1,Eliminar la obligatoriedad de la educación inicial es una buena idea porque da más libertad a los padres
1638034629595,Sat Nov 27 17:37:09 UTC 2021,24,0,295,130,-1,"Eliminar las orientaciones de los bachilleratos y simplificar las alternativas en educación media no responde a un diseño claro para la política educativa, genera un retroceso en derechos y oportunidades"
1638034635010,Sat Nov 27 17:37:15 UTC 2021,25,0,1596,182,-1,En la educación formal la prioridad es lograr procesos educativos completos y continuos que fortalezcan la cultura general
1638034640003,Sat Nov 27 17:37:20 UTC 2021,26,0,3267,1783,1,En la educación formal lo que más importa son las herramientas prácticas para la vida y la inserción laboral
1638034644118,Sat Nov 27 17:37:24 UTC 2021,27,0,3977,999,1,La educación media superior debe ser obligatoria para que no se deteriore aún más el sistema educativo
1638034648144,Sat Nov 27 17:37:28 UTC 2021,28,0,562,1168,-1,La educación media superior no debería ser obligatoria porque está bien que una persona elija trabajar en lugar de estudiar
1638034658160,Sat Nov 27 17:37:38 UTC 2021,29,0,2448,2056,1,"La libertad de cátedra de los docentes debería limitarse para que se garantice ecuanimidad en el abordaje de los temas y un balance de los puntos de vista, respetando los planes de estudio"
1638034660861,Sat Nov 27 17:37:40 UTC 2021,30,0,3631,860,1,La libertad de cátedra de los docentes no debe tener más condiciones que ser crítica y fundamentada y respetar los planes de estudio
1638034667777,Sat Nov 27 17:37:47 UTC 2021,31,0,297,135,-1,"La educación técnico profesional debe ofrecerse sólo para mayores de 15 años. Es necesario que la educación sea básica, amplia y compartida hasta los 14 años, aunque esto limite en el corto plazo la capacidad de trabajar en oficios"
1638034695517,Sat Nov 27 17:38:15 UTC 2021,36,0,326,4162,1,Los responsables de los menores no deberían estar obligados a inscribirlos al sistema educativo para disminuir la cantidad de trámites que deben realizar
1638034701312,Sat Nov 27 17:38:21 UTC 2021,37,0,3828,1254,1,"Aumentar la pena por encubrimiento de delitos de drogas, rapiña, copamiento o secuestro está bien. Debe castigarse con mayor dureza"
1638034706235,Sat Nov 27 17:38:26 UTC 2021,38,0,2228,2612,1,Aumentar la condena para el encubrimiento de delitos no tiene mayores efectos en la seguridad y contribuye a la congestión de las cárceles
1638034716959,Sat Nov 27 17:38:36 UTC 2021,40,0,1112,777,-1,Considerar como delitos específicos el insulto o las amenazas a la policía da lugar a posibles excesos y limita la libertad de expresión
1638034721274,Sat Nov 27 17:38:41 UTC 2021,41,0,2685,2199,1,"Considerar legítima defensa cuando un policía o militar repele una agresión física contra otras personas, desdibuja su función y puede dar lugar a arbitrariedades"
1638034740487,Sat Nov 27 17:39:00 UTC 2021,45,0,733,1056,-1,Las personas en situación de calle deben ser retiradas de donde están inmediatamente si molestan y ser sancionadas si se niegan
1638034783178,Sat Nov 27 17:39:43 UTC 2021,46,0,784,1109,-1,Que la Policía pueda registrar a una persona aunque no tenga autorización judicial es bueno porque facilita las cosas y el accionar de la Policía
1638034808430,Sat Nov 27 17:40:08 UTC 2021,49,0,3094,2044,1,"Quien abate a un individuo extraño sorprendido en su propiedad o establecimiento, como el jardín o el garaje, está ejerciendo legítima defensa y no debería ser castigado"
1638034822799,Sat Nov 27 17:40:22 UTC 2021,51,0,748,1040,-1,"En una huelga u ocupación de una empresa, la dirección y los trabajadores deberían acatar la medida y no ingresar a trabajar"
1638034679072,Sat Nov 27 17:37:59 UTC 2021,33,0,1056,1078,-1,"No debería permitirse el ingreso a la educación terciaria si no se ha finalizado la educación media superior, incluso si se acreditan los saberes y competencias correspondientes"
1638034712079,Sat Nov 27 17:38:32 UTC 2021,39,0,2618,2481,1,"Es necesario considerar delitos específicos el insulto o las amenazas a la policía, para respaldar la autoridad policial"
1638034689931,Sat Nov 27 17:38:09 UTC 2021,35,0,4792,225,1,Los responsables de los menores deberían estar obligados a inscribirlos al sistema educativo aunque esto implique destinar algo de tiempo a hacer trámites
1638034736941,Sat Nov 27 17:38:56 UTC 2021,44,0,334,126,-1,"Sancionar a las personas en situación de calle, si no se retiran de donde están inmediatamente, vulnera sus derechos"
1638034624852,Sat Nov 27 17:37:04 UTC 2021,23,0,558,1070,-1,Simplificar las orientaciones de los bachilleratos enfocándolas a enseñanzas solo técnicas hará más sencilla la integración al mundo laboral
1638034673557,Sat Nov 27 17:37:53 UTC 2021,32,0,3165,1901,1,La educación técnico profesional debería habilitarse para menores de 15 años. Orientar a los estudiantes hacia los oficios lo más temprano posible es un beneficio para la sociedad
1638034791752,Sat Nov 27 17:39:51 UTC 2021,47,0,3231,2169,1,Que la Policía pueda registrar a una persona sin autorización previa de un fiscal limita garantías de personas civiles y facilita abusos contra ellas
1638034801821,Sat Nov 27 17:40:01 UTC 2021,48,0,1107,822,-1,"La violencia contra un extraño que se descubra en jardines, azoteas, galpones, establecimientos comerciales y agrarios implica defender el derecho a la propiedad por sobre el de la vida, y contribuye a continuar en un espiral de violencia"
1638034819239,Sat Nov 27 17:40:19 UTC 2021,50,0,955,897,-1,Que las personas privadas de libertad reduzcan las condenas a través de estudio o trabajo no debería permitirse; si cometieron un delito grave deben cumplir la totalidad de la condena
1638034827346,Sat Nov 27 17:40:27 UTC 2021,52,0,3895,1333,1,"Si el sindicato de una empresa resuelve una huelga u ocupación, quienes no están de acuerdo deberían poder ingresar a trabajar de cualquier forma"
1638034838633,Sat Nov 27 17:40:38 UTC 2021,54,0,1508,370,-1,"El desalojo inmediato de personas o familias que se atrasan en el pago de su alquiler es una medida extrema, que debería ser tomada con cuidado y consideración en cada caso"
1638034500501,Sat Nov 27 17:35:00 UTC 2021,1,0,4891,2916,1,Considero que tengo información suficiente para decidir en el referéndum
1638034731990,Sat Nov 27 17:38:51 UTC 2021,43,0,3532,1631,1,"Permitir que las personas privadas de libertad reduzcan las condenas de prisión a través de estudio o trabajo incentiva la rehabilitación, contribuye a descongestionar las cárceles y permite el ejercicio de derechos"
1638034573510,Sat Nov 27 17:36:13 UTC 2021,14,0,491,1228,-1,"La obligación de pagar los sueldos a través de bancos es un problema para los empleadores, que deberían poder decidir si prefieren pagar en efectivo"
1638034832558,Sat Nov 27 17:40:32 UTC 2021,53,0,1437,3337,1,"El atraso en el pago del alquiler debería permitir desalojar al inquilino inmediatamente, para que el propietario no sea perjudicado"
1639842993271,Sat Dec 18 15:56:33 UTC 2021,55,0,220,700,-1,El Instituto de Colonización debería vender sus tierras porque no es eficiente
1639843017071,Sat Dec 18 15:56:57 UTC 2021,57,0,2853,1853,1,No debería permitirse que las personas privadas de libertad reduzcan las condenas a través de estudio o trabajo; si cometieron un delito grave deben cumplir la totalidad de la condena
1639843028579,Sat Dec 18 15:57:08 UTC 2021,58,0,2019,2571,1,Debería permitirse que las personas privadas de libertad reduzcan las condenas a través de estudio o trabajo; si cometieron un delito grave pueden reducir condena mostrando buena conducta y aptitudes
1639843051027,Sat Dec 18 15:57:31 UTC 2021,60,0,1304,2970,1,Que se habilite mantener el número de teléfono celular aunque se cambie de empresa es una mala idea porque debilitará a Antel frente a las demás empresas
1639843060356,Sat Dec 18 15:57:40 UTC 2021,61,0,3251,1299,1,Poder mantener el número de teléfono celular aunque se cambie de empresa es una buena idea más allá del costo para Antel
1639843070469,Sat Dec 18 15:57:50 UTC 2021,62,0,3260,1202,1,Poder mantener el número de teléfono celular aunque se cambie de empresa es un derecho
1639843084919,Sat Dec 18 15:58:04 UTC 2021,63,0,928,256,-1,Está bien definir la educación terciaria como aquella que requiere como condición de ingreso haber finalizado la educación media superior o acreditar los saberes y competencias correspondientes. Puede o no ser de carácter universitario
1639843094913,Sat Dec 18 15:58:14 UTC 2021,64,0,372,548,-1,No es necesario especificar en su definición a la educación terciaria como aquella que profundiza y amplía la formación en alguna rama del conocimiento
1639843108858,Sat Dec 18 15:58:28 UTC 2021,65,0,215,817,-1,Exigir que las personas que tienen terrenos de Colonización vivan en ese predio no es algo importante y limita las libertades de esas personas
1639843118075,Sat Dec 18 15:58:38 UTC 2021,66,0,826,468,-1,Eliminar las orientaciones de los bachilleratos y simplificar las alternativas en educación media genera un retroceso en derechos y oportunidades especialmente para estudiantes de educación pública
1639843129091,Sat Dec 18 15:58:49 UTC 2021,67,0,2650,1436,1,"La educación técnico-profesional debe ofrecerse sólo para mayores de 15 años. Es necesario que la educación sea básica, amplia y compartida hasta los 14 años"
1639843140267,Sat Dec 18 15:59:00 UTC 2021,68,0,2986,1609,1,"Sancionar a las personas en situación de calle si no se retiran de donde están inmediatamente, es violento e innecesario"
1638034530953,Sat Nov 27 17:35:30 UTC 2021,5,0,611,1069,-1,"Un Juez de Familia debería poder resolver la selección de una familia para adoptar un niño, sin pasar por el proceso de selección de INAU porque esto agiliza el proceso de adopción"
1638034685197,Sat Nov 27 17:38:05 UTC 2021,34,0,1022,1182,-1,"Debería permitirse el ingreso a la educación terciaria si se acreditan los saberes y competencias correspondientes, aún sin haber finalizado la educación media superior"
1638034726291,Sat Nov 27 17:38:46 UTC 2021,42,0,756,1058,-1,Cuando un policía o militar repele una agresión contra él o un tercero debería estar totalmente protegido por la ley más allá de lo que suceda
1639843006872,Sat Dec 18 15:56:46 UTC 2021,56,0,970,181,-1,Es importante exigir que las personas que tienen terrenos de Colonización vivan en el predio. De lo contrario Colonización dejaría de tener sentido ya que no se seguiría aplicando su objetivo principal
1639843039771,Sat Dec 18 15:57:19 UTC 2021,59,0,666,738,-1,Permitir el ingreso a la educación terciaria a personas que no finalizaron la educación media superior es positivo porque permite validar saberes y competencias y que continúen su formación
1645057389619,Thu Feb 17 00:23:09 UTC 2022,69,0,1338,1477,1,Es correcto que el Gobierno de turno tenga más potestades en la definición de políticas educativas y la formación de educadores
1645057397209,Thu Feb 17 00:23:17 UTC 2022,70,0,5,31,-1,Es correcto que se limite la autonomía de la Udelar y UTEC quitándoles la potestad de revalidar títulos universitarios
1645057405194,Thu Feb 17 00:23:25 UTC 2022,71,0,1011,1825,1,La participación de los docentes en la definición de la política educativa dificulta llevar adelante los cambios que la educación necesita
1645057411799,Thu Feb 17 00:23:31 UTC 2022,72,0,2104,920,1,Habilitar la educación en el ámbito de los hogares afecta el carácter integrador que tiene encontrarse con otros y otras en un centro educativo
1645057418275,Thu Feb 17 00:23:38 UTC 2022,73,0,2399,748,1,Flexibilizar controles financieros a las grandes sumas de dinero facilita operaciones de narcotráfico y lavado
1645057424368,Thu Feb 17 00:23:44 UTC 2022,74,0,1342,1295,1,Creo que los cambios que introdujo la LUC mejoraron la seguridad
1645057431877,Thu Feb 17 00:23:51 UTC 2022,75,0,2038,1291,1,"Poder detener a personas por ""hechos de apariencia delictiva"" por ley fomenta una cultura de discriminación y violencia"
1645057438843,Thu Feb 17 00:23:58 UTC 2022,76,0,1524,1313,1,"Que al término del contrato de alquiler se reduzca a 30 días el plazo para decidir si renovar el contrato castiga a los ""buenos pagadores"" y vulnera el derecho a la vivienda"
1645057445626,Thu Feb 17 00:24:05 UTC 2022,77,0,2500,554,1,Durante los procesos de adopción hay que priorizar las garantías de niños y niñas antes que la velocidad del proceso
1645057452396,Thu Feb 17 00:24:12 UTC 2022,78,0,2215,776,1,Muchos de los artículos de la LUC no deberían haber sido tratados en forma urgente sino con los tiempos de las leyes comunes
1645057461464,Thu Feb 17 00:24:21 UTC 2022,79,0,2940,193,1,"El uso de  herramientas, como el referéndum, para corregir medidas del gobierno de turno es democrático"
1645057469725,Thu Feb 17 00:24:29 UTC 2022,80,0,827,3226,1,"Creo que el referéndum, aunque sea obligatorio, no me afecta directamente"
1645057476985,Thu Feb 17 00:24:36 UTC 2022,81,0,743,2016,1,"Promover el referéndum contra 135 arts. de la LUC es ""no dejar gobernar"""
1645057545691,Thu Feb 17 00:25:45 UTC 2022,82,174,1263,2804,1,"Considero que los políticos, o las campañas, pueden hacerme cambiar de opinión"
1645491752812,Tue Feb 22 01:02:32 UTC 2022,83,4425,1,0,0,Cómo se ingresa a facultad sin bachillerato?¿
1645547024700,Tue Feb 22 16:23:44 UTC 2022,84,4551,1,0,0,Hola
1645556111868,Tue Feb 22 18:55:11 UTC 2022,85,40,1,0,0,La LUC criminaliza la pobreza
1645627139346,Wed Feb 23 14:38:59 UTC 2022,86,4780,1,0,0,"Buenas, en 1º felicitarlos por el trabajo, y en 2º estaria bueno tener una version imprimible para adultos mayores sin acceso a internet"
1645632534882,Wed Feb 23 16:08:54 UTC 2022,87,4425,1,0,0,No entiendo lo de la certificación del bachillerato. Alguien que lo explique ?
1645632593679,Wed Feb 23 16:09:53 UTC 2022,88,4425,1,0,0,No entiendo lo de la certificación del bachillerato.
1645663003058,Thu Feb 24 00:36:43 UTC 2022,89,4861,1,0,0,"Creo que se debería, en forma medio resumida y general, explicar que la tendencia de caer en el grupo A o B"
1645780611886,Fri Feb 25 09:16:51 UTC 2022,90,4992,1,0,0,A la gente le falta más información.. hay mucha falta de información sobre las leyes deberían ahondar más en todo los artículos
1646000607837,Sun Feb 27 22:23:27 UTC 2022,91,5153,1,0,0,"La ley viene a darle herramientas a poder judicial, la policia en el ámbito de la seguridad y también al ciudadano, hay que leer sin bandera"
1646172698977,Tue Mar 01 22:11:38 UTC 2022,92,5279,1,0,0,"No estoy de acuerdo con el comentario al art 118 de la luc! Dicen: ""Es un modelo sin control parlamentario especial"" Que explique por qué!"
1646172773822,Tue Mar 01 22:12:53 UTC 2022,93,5279,1,0,0,No estoy de acuerdo con casi ningún comentario que hacen a los art de la luc! Creo que quieren confundirnos!!
1646190821135,Wed Mar 02 03:13:41 UTC 2022,94,5298,1,0,0,Opino que se debe NO DEROGAR LA LUC
1646317734404,Thu Mar 03 14:28:54 UTC 2022,95,5279,1,0,0,"La Luc beneficia al trabajador pues ahora ""podrá"" recibir su pago en efectivo!! El pago en negro nada tiene que ver!!!"
1646317870504,Thu Mar 03 14:31:10 UTC 2022,96,5279,1,0,0,La Luc solo cambia la palabra coordinación por dirección técnica!!!  Me parece correcto!
1646318468600,Thu Mar 03 14:41:08 UTC 2022,97,5279,1,0,0,La Luc pone 1ro la defensa persona y 2do la patrimonial!!! El policía debe emplear medios disuasivos 1ro!!! No veo argumentos p/derogar
1646318658817,Thu Mar 03 14:44:18 UTC 2022,98,5279,1,0,0,"Siempre hay testigos y cámaras que permiten ver qué pasó más allá de lo que diga el policía! Aunque, 3 años por resistir 1 arresto es mucho!"
1646318809000,Thu Mar 03 14:46:49 UTC 2022,99,5279,1,0,0,"Hay que ver 1ro el delito. Si se trata de evitar 1 asesinato o 1 secuestro, está bien la pena mayor al q impide el arresto!!!"
1646484365200,Sat Mar 05 12:46:05 UTC 2022,100,5279,1,0,0,Dejar las 2 HRS de comunicación pero al fiscal está bien!
1646484645945,Sat Mar 05 12:50:45 UTC 2022,101,5279,1,0,0,Esos gastos siempre fueron del arrendatario pues es lo que él consume. No veo qué elimina!!!!
1646484893945,Sat Mar 05 12:54:53 UTC 2022,102,5279,1,0,0,"Si no hay contrato que obligue a ninguna parte, cómo va a seguir ocupando? El dueño tiene que proteger sus derechos!!!"
1646485146694,Sat Mar 05 12:59:06 UTC 2022,103,5279,1,0,0,"Si como dueño no pago mis tributos y otros, y se me cobra mora x no pagar, al arrendatario se debe cobrar igual"
1646485265986,Sat Mar 05 13:01:05 UTC 2022,104,5279,1,0,0,Se debe dejar como pena por mentir!!!!!
1646485566775,Sat Mar 05 13:06:06 UTC 2022,105,5279,1,0,0,Hay que terminar con la viveza criolla. Yo vivía en 1 pensión y mi casa la tenía 1 mal pagador. Mauricio Kriguer inventaba dilaciones!!!!!!!
1646485925317,Sat Mar 05 13:12:05 UTC 2022,106,5279,1,0,0,No dan argumentos para derogar. La luc claramente defiende al que está en inferioridad de condición. El FA solo busca dejar mal al gobierno!
1646486074333,Sat Mar 05 13:14:34 UTC 2022,107,5279,1,0,0,No argumentan nada. El dueño tiene derecho a recuperar su casa y la estructura monitoria protege de abusos al inquilino buen pagador!!
1646486841139,Sat Mar 05 13:27:21 UTC 2022,108,5279,1,0,0,Es la ley 8153 del año 1927!!! Se tomó de Europa y la aplicó toda L América. Porquè el FA no la derogó. Solo quiere joder!
1646617150382,Mon Mar 07 01:39:10 UTC 2022,109,5813,1,0,0,Desacuerdo en todo
1646655341673,Mon Mar 07 12:15:41 UTC 2022,110,5206,1,0,0,es el pais que lo necesita
1646710661099,Tue Mar 08 03:37:41 UTC 2022,111,5961,1,0,0,La policía no tiene autoridad son los fiscales y el juez que lo tienen para esos casos
1646887106895,Thu Mar 10 04:38:26 UTC 2022,112,6124,1,0,0,Pienso que esta información está flechada!!!!!
1646965836809,Fri Mar 11 02:30:36 UTC 2022,113,6196,1,0,0,Está todo bien.
1647003937705,Fri Mar 11 13:05:37 UTC 2022,114,6223,1,0,0,"Cada artículo es una Chantada más del gobierno,en el tema de alquiler todos los artículos los deferencia una palabra que nada cambia,joda!!!"
1647094141253,Sat Mar 12 14:09:01 UTC 2022,115,6313,1,0,0,"los padres que no manden sus hijos a la escuela, podrán seguir cobrando la asiganción familiar, es algo que aún no me queda claro."
1647217085071,Mon Mar 14 00:18:05 UTC 2022,116,6458,1,0,0,"No me queda claro que se elimine la obligatoriedad de la enseñanza media superior. Enseñanza media, ¿incluye la básica y la superior? Grcs!"
1647226307535,Mon Mar 14 02:51:47 UTC 2022,117,6485,1,0,0,"Es ANTIDEMOCRATICO y afecta el REPUBLICANISMO, que una mayoria natural o coaligada aprueba UN PLAN DE GOBIENRO en 90 dias"
1647449007197,Wed Mar 16 16:43:27 UTC 2022,118,6748,1,0,0,Conforma y seguro
1647711369214,Sat Mar 19 17:36:09 UTC 2022,119,7093,1,0,0,"Con respecto artículo que refiere al presunto desacato, quiero ampliar pero no tengo el espacio, sobre acuerdo o deacuerdo no me queda claro"
1647711457682,Sat Mar 19 17:37:37 UTC 2022,120,7093,1,0,0,"no comprendo a qué refiere acuerdo o desacuerdo, creo qu eno está claro"
1647711536187,Sat Mar 19 17:38:56 UTC 2022,121,7093,1,0,0,"necesito hacer un comentario mas extenso, no se como hacerlo"
1647711898855,Sat Mar 19 17:44:58 UTC 2022,122,7093,1,0,0,"quiero expresar un aporte refiriendome al artículo que contiene el presunto desacato, no me da el espacio, es muy poco lo que puedo escribir"
1647712238793,Sat Mar 19 17:50:38 UTC 2022,123,7093,1,0,0,"claro que no, lo tengo clarísimo, si a la derogación"
1647712872550,Sat Mar 19 18:01:12 UTC 2022,124,7093,1,0,0,"Bueno es muy poco lo que puedo aportar, mi voto es claramente si, me gustaría aportar información sobre algunos art. pero no me da el espaci"
1647712961423,Sat Mar 19 18:02:41 UTC 2022,125,7093,1,0,0,dónde descargo los comentarios largos?
1647713010097,Sat Mar 19 18:03:30 UTC 2022,126,7093,1,0,0,quiero descargar los comentarios largos y no se donde
1647713362462,Sat Mar 19 18:09:22 UTC 2022,127,7093,1,0,0,"bueno compas, una pena, no entiendo dónde poder aportar ese comentario largo que dice la página, es media entreverada, disculpen"
1647873130898,Mon Mar 21 14:32:10 UTC 2022,128,3094,1,0,0,Opino que papeleta SI resultará con 56 ó 57% de los resultados. Sé
1647955095948,Tue Mar 22 13:18:15 UTC 2022,129,7477,1,0,0,Algunas preguntas me parecieron tendenciosas.
1647955112588,Tue Mar 22 13:18:32 UTC 2022,130,7477,1,0,0,Algunas preguntas me parecieron tendenciosas...
1647996361815,Wed Mar 23 00:46:01 UTC 2022,131,7627,1,0,0,Que pongan a gobernar a los jubilados que ganan 15000 pesos x mes y enseguida acomodan el país con luc o sin luc
1648044479661,Wed Mar 23 14:07:59 UTC 2022,132,7728,1,0,0,La verdad esto de la LUC es todo un tema. Uno puede estar de acuerdo con tantas cosas como en desacuerdo con otras. Votemos responsablemente
1648063860289,Wed Mar 23 19:31:00 UTC 2022,133,7876,1,0,0,"Es como buscarle el pelo al huevo, ya que no se elimina la obligación de presentar la justificación de asistencia para cobrar asignación"
1648129172662,Thu Mar 24 13:39:32 UTC 2022,134,8195,1,0,0,Lo que pienso que están totalmente equivocados en este tema y como lo plantea la ley  Antel no tendrá perjuicio economicos
1648129524315,Thu Mar 24 13:45:24 UTC 2022,135,8195,1,0,0,Como trabajador considero que está ley no favorece a los obreros .ya que facilita al patrón a pagar parte del sueldo en negro como muchos
1648161412454,Thu Mar 24 22:36:52 UTC 2022,136,8399,1,0,0,No puedo ser tan rígida  en algo tan importante  muchas dudas  que no me las aclaran como se deberia
1648226855742,Fri Mar 25 16:47:35 UTC 2022,137,8538,1,0,0,Yo creo que no habria que eliminar la Luc ya que durante el tiempo que estuvo activa nos ha dado mas seguridad.
1648300336500,Sat Mar 26 13:12:16 UTC 2022,138,8719,1,0,0,"Yo no tengo problema con que sean de derecha, mi problema es que mientan. La manipulación mediática es brutal."
