timestamp,datetime,comment-id,author-id,agrees,disagrees,moderated,comment-body
1645052434818,Wed Feb 16 23:00:34 UTC 2022,1,0,1476,368,1,Considero que tengo información suficiente para decidir en el referéndum
1645052442936,Wed Feb 16 23:00:42 UTC 2022,2,0,770,737,1,Voy a votar por NO anular 135 artículos de la LUC en el referéndum
1645052450624,Wed Feb 16 23:00:50 UTC 2022,3,0,270,477,1,El Instituto de Colonización debería vender sus tierras para obtener recursos para el Estado
1645052456548,Wed Feb 16 23:00:56 UTC 2022,4,0,541,286,1,"Es importante exigir que las personas que tienen terrenos de Colonización vivan en el predio. De lo contrario, se facilita la corrupción"
1645052463882,Wed Feb 16 23:01:03 UTC 2022,5,0,566,331,1,Los precios del combustible deben reflejar claramente el precio del petróleo y tender a eliminar los costos de ANCAP
1645052470490,Wed Feb 16 23:01:10 UTC 2022,6,0,563,445,1,Los precios del combustible no deberían estar fijados sólo por el costo del petróleo: también es importante que ANCAP se mantenga fuerte como empresa
1645052477205,Wed Feb 16 23:01:17 UTC 2022,7,0,704,492,1,Eliminar la obligación de que los sueldos se paguen por medio de bancos facilita las prácticas ilegales y quita transparencia
1645052485017,Wed Feb 16 23:01:25 UTC 2022,8,0,688,467,1,Que se permita pagar en efectivo operaciones o negocios hasta 100.000 dólares habilita prácticas ilegales y quita transparencia al sistema
1645052492011,Wed Feb 16 23:01:32 UTC 2022,9,0,375,626,1,El Estado debería poder elegir si pagar a sus proveedores en efectivo o a través de bancos
1645052860792,Wed Feb 16 23:07:40 UTC 2022,46,0,400,629,1,"Promover el referéndum contra 135 arts. de la LUC es ""no dejar gobernar"""
1645052500442,Wed Feb 16 23:01:40 UTC 2022,10,0,862,152,1,El Estado debería pagar a sus proveedores a través de bancos para garantizar la transparencia en el uso de los fondos públicos
1645052508347,Wed Feb 16 23:01:48 UTC 2022,11,0,783,251,1,En la educación formal lo que más importa son las herramientas prácticas para la vida y la inserción laboral
1645052515654,Wed Feb 16 23:01:55 UTC 2022,12,0,863,224,1,La educación media superior debe ser obligatoria para que no se deteriore aún más el sistema educativo
1645052526103,Wed Feb 16 23:02:06 UTC 2022,13,0,533,390,1,"La libertad de cátedra de los docentes debería limitarse para que se garantice ecuanimidad en el abordaje de los temas y un balance de los puntos de vista, respetando los planes de estudio"
1645052533292,Wed Feb 16 23:02:13 UTC 2022,14,0,673,232,1,La libertad de cátedra de los docentes no debe tener más condiciones que ser crítica y fundamentada y respetar los planes de estudio
1645052540079,Wed Feb 16 23:02:20 UTC 2022,15,0,613,372,1,La educación técnico profesional debería habilitarse para menores de 15 años. Orientar a los estudiantes hacia los oficios lo más temprano posible es un beneficio para la sociedad
1645052548767,Wed Feb 16 23:02:28 UTC 2022,16,0,1037,52,1,Los responsables de los menores deberían estar obligados a inscribirlos al sistema educativo aunque esto implique destinar algo de tiempo a hacer trámites
1645052557651,Wed Feb 16 23:02:37 UTC 2022,17,0,70,877,1,Los responsables de los menores no deberían estar obligados a inscribirlos al sistema educativo para disminuir la cantidad de trámites que deben realizar
1645052564707,Wed Feb 16 23:02:44 UTC 2022,18,0,904,168,1,"Aumentar la pena por encubrimiento de delitos de drogas, rapiña, copamiento o secuestro está bien. Debe castigarse con mayor dureza"
1645052572226,Wed Feb 16 23:02:52 UTC 2022,19,0,377,622,1,Aumentar la condena para el encubrimiento de delitos no tiene mayores efectos en la seguridad y contribuye a la congestión de las cárceles
1645052578212,Wed Feb 16 23:02:58 UTC 2022,20,0,652,454,1,"Es necesario considerar delitos específicos el insulto o las amenazas a la policía, para respaldar la autoridad policial"
1645052584231,Wed Feb 16 23:03:04 UTC 2022,21,0,513,537,1,"Considerar legítima defensa cuando un policía o militar repele una agresión física contra otras personas, desdibuja su función y puede dar lugar a arbitrariedades"
1645052590369,Wed Feb 16 23:03:10 UTC 2022,22,0,620,487,1,"Permitir que las personas privadas de libertad reduzcan las condenas de prisión a través de estudio o trabajo incentiva la rehabilitación, contribuye a descongestionar las cárceles y permite el ejercicio de derechos"
1645052596146,Wed Feb 16 23:03:16 UTC 2022,23,0,587,580,1,Que la Policía pueda registrar a una persona sin autorización previa de un fiscal limita garantías de personas civiles y facilita abusos contra ellas
1645052602692,Wed Feb 16 23:03:22 UTC 2022,24,0,766,376,1,"Quien abate a un individuo extraño sorprendido en su propiedad o establecimiento, como el jardín o el garaje, está ejerciendo legítima defensa y no debería ser castigado"
1645052611213,Wed Feb 16 23:03:31 UTC 2022,25,0,860,333,1,"Si el sindicato de una empresa resuelve una huelga u ocupación, quienes no están de acuerdo deberían poder ingresar a trabajar de cualquier forma"
1645052618429,Wed Feb 16 23:03:38 UTC 2022,26,0,389,656,1,"El atraso en el pago del alquiler debería permitir desalojar al inquilino inmediatamente, para que el propietario no sea perjudicado"
1645052625390,Wed Feb 16 23:03:45 UTC 2022,27,0,798,397,1,No debería permitirse que las personas privadas de libertad reduzcan las condenas a través de estudio o trabajo; si cometieron un delito grave deben cumplir la totalidad de la condena
1645052632658,Wed Feb 16 23:03:52 UTC 2022,28,0,381,717,1,Debería permitirse que las personas privadas de libertad reduzcan las condenas a través de estudio o trabajo; si cometieron un delito grave pueden reducir condena mostrando buena conducta y aptitudes
1645052648317,Wed Feb 16 23:04:08 UTC 2022,29,0,308,691,1,Que se habilite mantener el número de teléfono celular aunque se cambie de empresa es una mala idea porque debilitará a Antel frente a las demás empresas
1645052739970,Wed Feb 16 23:05:39 UTC 2022,30,0,778,337,1,Poder mantener el número de teléfono celular aunque se cambie de empresa es una buena idea más allá del costo para Antel
1645052747615,Wed Feb 16 23:05:47 UTC 2022,31,0,769,268,1,Poder mantener el número de teléfono celular aunque se cambie de empresa es un derecho
1645052754262,Wed Feb 16 23:05:54 UTC 2022,32,0,627,361,1,"La educación técnico-profesional debe ofrecerse sólo para mayores de 15 años. Es necesario que la educación sea básica, amplia y compartida hasta los 14 años"
1645052768411,Wed Feb 16 23:06:08 UTC 2022,33,0,620,504,1,"Sancionar a las personas en situación de calle si no se retiran de donde están inmediatamente, es violento e innecesario"
1645052777385,Wed Feb 16 23:06:17 UTC 2022,34,0,531,505,1,Es correcto que el Gobierno de turno tenga más potestades en la definición de políticas educativas y la formación de educadores
1645052792492,Wed Feb 16 23:06:32 UTC 2022,36,0,420,555,1,La participación de los docentes en la definición de la política educativa dificulta llevar adelante los cambios que la educación necesita
1645052798904,Wed Feb 16 23:06:38 UTC 2022,37,0,656,336,1,Habilitar la educación en el ámbito de los hogares afecta el carácter integrador que tiene encontrarse con otros y otras en un centro educativo
1645052804872,Wed Feb 16 23:06:44 UTC 2022,38,0,714,383,1,Flexibilizar controles financieros a las grandes sumas de dinero facilita operaciones de narcotráfico y lavado
1645052811482,Wed Feb 16 23:06:51 UTC 2022,39,0,611,491,1,Creo que los cambios que introdujo la LUC mejoraron la seguridad
1645052818419,Wed Feb 16 23:06:58 UTC 2022,40,0,640,524,1,"Poder detener a personas por ""hechos de apariencia delictiva"" por ley fomenta una cultura de discriminación y violencia"
1645052825396,Wed Feb 16 23:07:05 UTC 2022,41,0,566,539,1,"Que al término del contrato de alquiler se reduzca a 30 días el plazo para decidir si renovar el contrato castiga a los ""buenos pagadores"" y vulnera el derecho a la vivienda"
1645052832093,Wed Feb 16 23:07:12 UTC 2022,42,0,809,221,1,Durante los procesos de adopción hay que priorizar las garantías de niños y niñas antes que la velocidad del proceso
1645052838388,Wed Feb 16 23:07:18 UTC 2022,43,0,664,421,1,Muchos de los artículos de la LUC no deberían haber sido tratados en forma urgente sino con los tiempos de las leyes comunes
1645052845697,Wed Feb 16 23:07:25 UTC 2022,44,0,928,122,1,"El uso de  herramientas, como el referéndum, para corregir medidas del gobierno de turno es democrático"
1645052872559,Wed Feb 16 23:07:52 UTC 2022,47,0,367,1209,1,"Considero que los políticos, o las campañas, pueden hacerme cambiar de opinión"
1645052426942,Wed Feb 16 23:00:26 UTC 2022,0,0,732,787,1,Voy a votar por SI anular 135 artículos de la LUC en el referéndum
1645052852222,Wed Feb 16 23:07:32 UTC 2022,45,0,290,1275,1,"Creo que el referéndum, aunque sea obligatorio, no me afecta directamente"
1645052784278,Wed Feb 16 23:06:24 UTC 2022,35,0,0,3,-1,Es correcto que se limite la autonomía de la Udelar y UTEC quitándoles la potestad de revalidar títulos universitarios
