timestamp,datetime,comment-id,author-id,agrees,disagrees,moderated,comment-body
1645051415737,Wed Feb 16 22:43:35 UTC 2022,1,0,1121,238,1,Considero que tengo información suficiente para decidir en el referéndum
1645051434376,Wed Feb 16 22:43:54 UTC 2022,2,0,659,505,1,Voy a votar por NO anular 135 artículos de la LUC en el referéndum
1645051443073,Wed Feb 16 22:44:03 UTC 2022,3,0,179,376,1,El Instituto de Colonización debería vender sus tierras para obtener recursos para el Estado
1645051451613,Wed Feb 16 22:44:11 UTC 2022,4,0,417,188,1,"Es importante exigir que las personas que tienen terrenos de Colonización vivan en el predio. De lo contrario, se facilita la corrupción"
1645051459533,Wed Feb 16 22:44:19 UTC 2022,5,0,422,258,1,Los precios del combustible deben reflejar claramente el precio del petróleo y tender a eliminar los costos de ANCAP
1645051467363,Wed Feb 16 22:44:27 UTC 2022,6,0,452,325,1,Los precios del combustible no deberían estar fijados sólo por el costo del petróleo: también es importante que ANCAP se mantenga fuerte como empresa
1645051554772,Wed Feb 16 22:45:54 UTC 2022,7,0,442,415,1,Eliminar la obligación de que los sueldos se paguen por medio de bancos facilita las prácticas ilegales y quita transparencia
1645051562785,Wed Feb 16 22:46:02 UTC 2022,8,0,437,370,1,Que se permita pagar en efectivo operaciones o negocios hasta 100.000 dólares habilita prácticas ilegales y quita transparencia al sistema
1645051569897,Wed Feb 16 22:46:09 UTC 2022,9,0,353,389,1,El Estado debería poder elegir si pagar a sus proveedores en efectivo o a través de bancos
1645051578212,Wed Feb 16 22:46:18 UTC 2022,10,0,613,110,1,El Estado debería pagar a sus proveedores a través de bancos para garantizar la transparencia en el uso de los fondos públicos
1645051656272,Wed Feb 16 22:47:36 UTC 2022,11,0,613,149,1,En la educación formal lo que más importa son las herramientas prácticas para la vida y la inserción laboral
1645051685111,Wed Feb 16 22:48:05 UTC 2022,12,0,643,132,1,La educación media superior debe ser obligatoria para que no se deteriore aún más el sistema educativo
1645051694601,Wed Feb 16 22:48:14 UTC 2022,13,0,381,253,1,"La libertad de cátedra de los docentes debería limitarse para que se garantice ecuanimidad en el abordaje de los temas y un balance de los puntos de vista, respetando los planes de estudio"
1645051702122,Wed Feb 16 22:48:22 UTC 2022,14,0,521,154,1,La libertad de cátedra de los docentes no debe tener más condiciones que ser crítica y fundamentada y respetar los planes de estudio
1645051709169,Wed Feb 16 22:48:29 UTC 2022,15,0,549,191,1,La educación técnico profesional debería habilitarse para menores de 15 años. Orientar a los estudiantes hacia los oficios lo más temprano posible es un beneficio para la sociedad
1645051717517,Wed Feb 16 22:48:37 UTC 2022,16,0,724,42,1,Los responsables de los menores deberían estar obligados a inscribirlos al sistema educativo aunque esto implique destinar algo de tiempo a hacer trámites
1645051724684,Wed Feb 16 22:48:44 UTC 2022,17,0,56,586,1,Los responsables de los menores no deberían estar obligados a inscribirlos al sistema educativo para disminuir la cantidad de trámites que deben realizar
1645051732075,Wed Feb 16 22:48:52 UTC 2022,18,0,684,114,1,"Aumentar la pena por encubrimiento de delitos de drogas, rapiña, copamiento o secuestro está bien. Debe castigarse con mayor dureza"
1645051739538,Wed Feb 16 22:48:59 UTC 2022,19,0,256,455,1,Aumentar la condena para el encubrimiento de delitos no tiene mayores efectos en la seguridad y contribuye a la congestión de las cárceles
1645051776528,Wed Feb 16 22:49:36 UTC 2022,24,0,599,232,1,"Quien abate a un individuo extraño sorprendido en su propiedad o establecimiento, como el jardín o el garaje, está ejerciendo legítima defensa y no debería ser castigado"
1645051746525,Wed Feb 16 22:49:06 UTC 2022,20,0,511,272,1,"Es necesario considerar delitos específicos el insulto o las amenazas a la policía, para respaldar la autoridad policial"
1645051756249,Wed Feb 16 22:49:16 UTC 2022,21,0,344,367,1,"Considerar legítima defensa cuando un policía o militar repele una agresión física contra otras personas, desdibuja su función y puede dar lugar a arbitrariedades"
1645051762756,Wed Feb 16 22:49:22 UTC 2022,22,0,423,388,1,"Permitir que las personas privadas de libertad reduzcan las condenas de prisión a través de estudio o trabajo incentiva la rehabilitación, contribuye a descongestionar las cárceles y permite el ejercicio de derechos"
1645051769498,Wed Feb 16 22:49:29 UTC 2022,23,0,402,434,1,Que la Policía pueda registrar a una persona sin autorización previa de un fiscal limita garantías de personas civiles y facilita abusos contra ellas
1645051783666,Wed Feb 16 22:49:43 UTC 2022,25,0,626,192,1,"Si el sindicato de una empresa resuelve una huelga u ocupación, quienes no están de acuerdo deberían poder ingresar a trabajar de cualquier forma"
1645051792112,Wed Feb 16 22:49:52 UTC 2022,26,0,354,427,1,"El atraso en el pago del alquiler debería permitir desalojar al inquilino inmediatamente, para que el propietario no sea perjudicado"
1645051798812,Wed Feb 16 22:49:58 UTC 2022,27,0,615,253,1,No debería permitirse que las personas privadas de libertad reduzcan las condenas a través de estudio o trabajo; si cometieron un delito grave deben cumplir la totalidad de la condena
1645051805559,Wed Feb 16 22:50:05 UTC 2022,28,0,234,557,1,Debería permitirse que las personas privadas de libertad reduzcan las condenas a través de estudio o trabajo; si cometieron un delito grave pueden reducir condena mostrando buena conducta y aptitudes
1645051816239,Wed Feb 16 22:50:16 UTC 2022,29,0,208,467,1,Que se habilite mantener el número de teléfono celular aunque se cambie de empresa es una mala idea porque debilitará a Antel frente a las demás empresas
1645051823466,Wed Feb 16 22:50:23 UTC 2022,30,0,554,216,1,Poder mantener el número de teléfono celular aunque se cambie de empresa es una buena idea más allá del costo para Antel
1645051830995,Wed Feb 16 22:50:30 UTC 2022,31,0,601,180,1,Poder mantener el número de teléfono celular aunque se cambie de empresa es un derecho
1645051837903,Wed Feb 16 22:50:37 UTC 2022,32,0,389,236,1,"La educación técnico-profesional debe ofrecerse sólo para mayores de 15 años. Es necesario que la educación sea básica, amplia y compartida hasta los 14 años"
1645051847041,Wed Feb 16 22:50:47 UTC 2022,33,0,436,321,1,"Sancionar a las personas en situación de calle si no se retiran de donde están inmediatamente, es violento e innecesario"
1645051856261,Wed Feb 16 22:50:56 UTC 2022,34,0,388,346,1,Es correcto que el Gobierno de turno tenga más potestades en la definición de políticas educativas y la formación de educadores
1645051870467,Wed Feb 16 22:51:10 UTC 2022,36,0,283,400,1,La participación de los docentes en la definición de la política educativa dificulta llevar adelante los cambios que la educación necesita
1645051877678,Wed Feb 16 22:51:17 UTC 2022,37,0,436,242,1,Habilitar la educación en el ámbito de los hogares afecta el carácter integrador que tiene encontrarse con otros y otras en un centro educativo
1645051884914,Wed Feb 16 22:51:24 UTC 2022,38,0,460,278,1,Flexibilizar controles financieros a las grandes sumas de dinero facilita operaciones de narcotráfico y lavado
1645051945827,Wed Feb 16 22:52:25 UTC 2022,39,0,495,319,1,Creo que los cambios que introdujo la LUC mejoraron la seguridad
1645051953877,Wed Feb 16 22:52:33 UTC 2022,40,0,431,398,1,"Poder detener a personas por ""hechos de apariencia delictiva"" por ley fomenta una cultura de discriminación y violencia"
1645052057645,Wed Feb 16 22:54:17 UTC 2022,41,0,318,366,1,"Que al término del contrato de alquiler se reduzca a 30 días el plazo para decidir si renovar el contrato castiga a los ""buenos pagadores"" y vulnera el derecho a la vivienda"
1645052066896,Wed Feb 16 22:54:26 UTC 2022,42,0,587,180,1,Durante los procesos de adopción hay que priorizar las garantías de niños y niñas antes que la velocidad del proceso
1645052077375,Wed Feb 16 22:54:37 UTC 2022,43,0,425,309,1,Muchos de los artículos de la LUC no deberían haber sido tratados en forma urgente sino con los tiempos de las leyes comunes
1645052091090,Wed Feb 16 22:54:51 UTC 2022,44,0,646,90,1,"El uso de  herramientas, como el referéndum, para corregir medidas del gobierno de turno es democrático"
1645052099709,Wed Feb 16 22:54:59 UTC 2022,45,0,265,865,1,"Creo que el referéndum, aunque sea obligatorio, no me afecta directamente"
1645052109976,Wed Feb 16 22:55:09 UTC 2022,46,0,313,429,1,"Promover el referéndum contra 135 arts. de la LUC es ""no dejar gobernar"""
1645052120758,Wed Feb 16 22:55:20 UTC 2022,47,0,231,935,1,"Considero que los políticos, o las campañas, pueden hacerme cambiar de opinión"
1645051405714,Wed Feb 16 22:43:25 UTC 2022,0,0,501,669,1,Voy a votar por SI anular 135 artículos de la LUC en el referéndum
1645051863472,Wed Feb 16 22:51:03 UTC 2022,35,0,9,5,-1,Es correcto que se limite la autonomía de la Udelar y UTEC quitándoles la potestad de revalidar títulos universitarios
1645973716118,Sun Feb 27 14:55:16 UTC 2022,48,1098,1,0,0,Como se nota que no hay una imparcialidad en la formulación de las preguntas y como están llenas de falacias del espantapájaros eh 🤦🤡
1645973851365,Sun Feb 27 14:57:31 UTC 2022,49,1098,1,0,0,Se nota la falta de imparcialidad a la hora de formular las preguntas. Fuera de contexto y llenas de falacias del espantapajaros 🤦🤡
